--Agregar Estudiantes a la base de Datos
go
insert into Estudiante values ('182896','HAYDER','AUCCAISE RONCO','2021-I','INGENIERIA INFORMATICA Y DE SISTEMAS','IN','2018')
insert into Estudiante values ('204318','ABEL ENRIQUE','BELLIDO ARMUTO','2021-I','INGENIERIA INFORMATICA Y DE SISTEMAS','IN','2020')
insert into Estudiante values ('151832','GEORGE SANTIAGO','CASTELLANOS AMANQUI','2021-I','INGENIERIA INFORMATICA Y DE SISTEMAS','IN','2015')
insert into Estudiante values ('204319','LUIS FERNANDO','CONDORI-LACUTA-','2021-I','INGENIERIA INFORMATICA Y DE SISTEMAS','IN','2020')
insert into Estudiante values ('184195','EMERSON','CORDOVA-CCOPA','2021-I','INGENIERIA INFORMATICA Y DE SISTEMAS','IN','2018')
insert into Estudiante values ('204796','JANNIRA ALISON','FARFAN LUNA','2021-I','INGENIERIA INFORMATICA Y DE SISTEMAS','IN','2020')
insert into Estudiante values ('204320','JHONATAN ALEXANDER','GARCIA ROMERO','2021-I','INGENIERIA INFORMATICA Y DE SISTEMAS','IN','204320')
insert into Estudiante values ('081561','DANY DARWIN','HUACANI DE LA CRUZ','2021-I','INGENIERIA INFORMATICA Y DE SISTEMAS','IN','2008')
insert into Estudiante values ('160696','ANGGIE ANTUANE','HUAMAN MORALES','2021-I','INGENIERIA INFORMATICA Y DE SISTEMAS','IN','2016')
insert into Estudiante values ('204799','ASUMY MARICELY','JALLO-PACCAYA','2021-I','INGENIERIA INFORMATICA Y DE SISTEMAS','IN','2020')
insert into Estudiante values ('174457','OLIVER STIVEN','VELASQUEZ-QUISPE','2021-I','INGENIERIA INFORMATICA Y DE SISTEMAS','IN','2017')
insert into Estudiante values ('194892','MAX ALEX','SONCCO-LUQUE','2021-I','INGENIERIA INFORMATICA Y DE SISTEMAS','IN','2019')
insert into Estudiante values ('208799','NIETO-BARRIENTOS-YISHAR PIERO','JALLO-PACCAYA-Y','2021-I','INGENIERIA INFORMATICA Y DE SISTEMAS','IN','2020')
insert into Estudiante values ('145004','JOSEPH ODE','ESPIRILLA MACHACA','2021-I','INGENIERIA INFORMATICA Y DE SISTEMAS','IN','2014')
insert into Estudiante values ('124944','EDSON','ASTETE-VELASQUE','2021-I','INGENIERIA INFORMATICA Y DE SISTEMAS','IN','2012')
insert into Estudiante values ('144260','MARI LUZ','AUCCAPURE SERRANO','2021-I','INGENIERIA INFORMATICA Y DE SISTEMAS','IN','2014')
insert into Estudiante values ('201256','GUIDO RODOLFO','BERRIOS ALOSILLA','2021-I','INGENIERIA INFORMATICA Y DE SISTEMAS','IN','2020')
insert into Estudiante values ('194689','YULIANA EUNISE','BUSTAMANTE SANCHEZ','2021-I','INGENIERIA INFORMATICA Y DE SISTEMAS','IN','2019')
insert into Estudiante values ('154937','KELLY DAYSI','HUAMAN HUILLCA','2021-I','INGENIERIA INFORMATICA Y DE SISTEMAS','IN','2015')
insert into Estudiante values ('151481','LUCERO MILAGROS','HUAMANI ESTRADA','2021-I','INGENIERIA INFORMATICA Y DE SISTEMAS','IN','2015')
insert into Estudiante values ('200847','JURGUEN ANDRE','LUNA TAPIA','2021-I','INGENIERIA INFORMATICA Y DE SISTEMAS','IN','2020')
insert into Estudiante values ('201257','NAYHELY ALEXANDRA','MAMANI HUARAYA','2021-I','INGENIERIA INFORMATICA Y DE SISTEMAS','IN','2020')
insert into Estudiante values ('193681','YOSELIN ESTHER','MEZA VARGAS','2021-I','INGENIERIA INFORMATICA Y DE SISTEMAS','IN','2019')
insert into Estudiante values ('124529','BRAYAN LUIS','MUÑOZ AREVALO','2021-I','INGENIERIA INFORMATICA Y DE SISTEMAS','IN','2019')
insert into Estudiante values ('183339','DANNI VICENTE','SUCARI QUISPE','2021-I','INGENIERIA INFORMATICA Y DE SISTEMAS','IN','2018')
insert into Estudiante values ('194728','NAOMI VICTORIA','VARGAS ORTIZ','2021-I','INGENIERIA INFORMATICA Y DE SISTEMAS','IN','2019')
go
--Agregar docentes con datos reales
insert into Docente values ('D0001','Abdon','Ribas Puga','Licenciado en Fisico Matematicas','Facultad de Ingenieria Electrica, Electronica, Informatica y Mecanica','Ingenieria Informatica y de Sistemas','Nombrado')
insert into Docente values ('D0002','Ana Rocio','Cardenas Maita','Magister en Ciencias en Sistemas de Informacion','Facultad de Ingenieria Electrica, Electronica, Informatica y Mecanica','Ingenieria Informatica y de Sistemas','Contratado')
insert into Docente values ('D0003','Dennis Ivan','Candia Oviedo','Ingeniero Informatico y de Sistemas','Facultad de Ingenieria Electrica, Electronica, Informatica y Mecanica','Ingenieria Informatica y de Sistemas','Nombrado')
insert into Docente values ('D0004','Doris Sabina','Aguirre Carbajal','Maestro en Ciencias: Ing de Sistemas con mencion en Ing de Software','Facultad de Ingenieria Electrica, Electronica, Informatica y Mecanica','Ingenieria Informatica y de Sistemas','Contratado')
insert into Docente values ('D0005','Edwin','Carrasco Poblete','Magister con Mencion en Ingenieria','Facultad de Ingenieria Electrica, Electronica, Informatica y Mecanica','Ingenieria Informatica y de Sistemas','Nombrado')

insert into Docente values ('D0006','Efraina Gladys','Cutipa Arapa','Ingeniero Informatico y de Sistemas','Facultad de Ingenieria Electrica, Electronica, Informatica y Mecanica','Ingenieria Informatica y de Sistemas','Contratado')
insert into Docente values ('D0007','Emilio','Palomino Olivera','Magister con Mencion en Ingenieria','Facultad de Ingenieria Electrica, Electronica, Informatica y Mecanica','Ingenieria Informatica y de Sistemas','Nombrado')
insert into Docente values ('D0008','Enrique','Gamarra Saldivar','Magister en Ciencias con Mencion en Informatica','Facultad de Ingenieria Electrica, Electronica, Informatica y Mecanica','Ingenieria Informatica y de Sistemas','Nombrado')
insert into Docente values ('D0009','Esther Cristina','Pacheco Vasquez','Licenciada en Fisico Matematicas','Facultad de Ingenieria Electrica, Electronica, Informatica y Mecanica','Ingenieria Informatica y de Sistemas','Nombrado')
insert into Docente values ('D0010','Guzman','Ticona Pari','Ingeniero Quimico','Facultad de Ingenieria Electrica, Electronica, Informatica y Mecanica','Ingenieria Informatica y de Sistemas','Nombrado')

insert into Docente values ('D0011','Harley','Vera Olivera','Magister en Informatica','Facultad de Ingenieria Electrica, Electronica, Informatica y Mecanica','Ingenieria Informatica y de Sistemas','Contratado')
insert into Docente values ('D0012','Henry Samuel','Dueñas De La Cruz','Ingeniero Informatico y de Sistemas','Facultad de Ingenieria Electrica, Electronica, Informatica y Mecanica','Ingenieria Informatica y de Sistemas','Contratado')
insert into Docente values ('D0013','Hernan','Castañeda Chirinos','Ingeniero Informatico y de Sistemas','Facultad de Ingenieria Electrica, Electronica, Informatica y Mecanica','Ingenieria Informatica y de Sistemas','Contratado')
insert into Docente values ('D0014','Hernan','Nina Hanco','Maestro en Administracion','Facultad de Ingenieria Electrica, Electronica, Informatica y Mecanica','Ingenieria Informatica y de Sistemas','Contratado')
insert into Docente values ('D0015','Ivan Cesar','Medrano Valencia','Ingeniero Quimico','Facultad de Ingenieria Electrica, Electronica, Informatica y Mecanica','Ingenieria Informatica y de Sistemas','Nombrado')

insert into Docente values ('D0016','Javier Arturo','Rozas Huacho','Magister en Ciencias con Mencion en Informatica','Facultad de Ingenieria Electrica, Electronica, Informatica y Mecanica','Ingenieria Informatica y de Sistemas','Nombrado')
insert into Docente values ('D0017','Javier David','Chavez Centeno','Magister Scientiae en Informatica','Facultad de Ingenieria Electrica, Electronica, Informatica y Mecanica','Ingenieria Informatica y de Sistemas','Nombrado')
insert into Docente values ('D0018','Jose Mauro','Pillco Quispe','Licenciado en Fisico Matematicas','Facultad de Ingenieria Electrica, Electronica, Informatica y Mecanica','Ingenieria Informatica y de Sistemas','Nombrado')
insert into Docente values ('D0019','Julio Cesar','Carbajal Luna','Magister en Ciencias con Mencion en Informatica','Facultad de Ingenieria Electrica, Electronica, Informatica y Mecanica','Ingenieria Informatica y de Sistemas','Nombrado')
insert into Docente values ('D0020','Karelia','Medina Miranda','Ingeniero Informatico y de Sistemas','Facultad de Ingenieria Electrica, Electronica, Informatica y Mecanica','Ingenieria Informatica y de Sistemas','Nombrado')

insert into Docente values ('D0021','Lauro','Enciso Rodas','Doctor en Ingenieria de Sistemas','Facultad de Ingenieria Electrica, Electronica, Informatica y Mecanica','Ingenieria Informatica y de Sistemas','Nombrado')
insert into Docente values ('D0022','Lino Aquiles','Baca Cardenas','Ingeniero de Minas','Facultad de Ingenieria Electrica, Electronica, Informatica y Mecanica','Ingenieria Informatica y de Sistemas','Nombrado')
insert into Docente values ('D0023','Lino Prisciliano','Flores Pacheco','Magister en Informatica','Facultad de Ingenieria Electrica, Electronica, Informatica y Mecanica','Ingenieria Informatica y de Sistemas','Nombrado')
insert into Docente values ('D0024','Luis Alvaro','Monzon Condori','Ingeniero Informatico y de Sistemas','Facultad de Ingenieria Electrica, Electronica, Informatica y Mecanica','Ingenieria Informatica y de Sistemas','Contratado')

insert into Docente values ('D0025','Manuel Aurelio','Peñaloza Figueroa','Ingeniero de Telecomunicaciones','Facultad de Ingenieria Electrica, Electronica, Informatica y Mecanica','Ingenieria Informatica y de Sistemas','Nombrado')
insert into Docente values ('D0026','Maritza Katherine','Irpanocca Cusimayta','Ingeniero Informatico y de Sistemas','Facultad de Ingenieria Electrica, Electronica, Informatica y Mecanica','Ingenieria Informatica y de Sistemas','Contratado')
insert into Docente values ('D0027','Nila Zonia','Acurio Usca','Magister en Ciencias con Mencion en Informatica','Facultad de Ingenieria Electrica, Electronica, Informatica y Mecanica','Ingenieria Informatica y de Sistemas','Administrador')
insert into Docente values ('D0028','Robert Wilbert','Alzamora Paredes','Master en Ingenieria Computacional y Sistemas Inteligentes','Facultad de Ingenieria Electrica, Electronica, Informatica y Mecanica','Ingenieria Informatica y de Sistemas','Nombrado')
insert into Docente values ('D0029','Rony','Villafuerte Serna','Maestro en Ingenieria Computacional y Sistemas Inteligentes','Facultad de Ingenieria Electrica, Electronica, Informatica y Mecanica','Ingenieria Informatica y de Sistemas','Nombrado')

insert into Docente values ('D0030','Vanesa Maribel','Choque Soto','Ingeniero Informatico y de Sistemas','Facultad de Ingenieria Electrica, Electronica, Informatica y Mecanica','Ingenieria Informatica y de Sistemas','Contratado')
insert into Docente values ('D0031','Waldo Elio','Ibarra Zambrano','Maestro en Ciencias con Mencion en Informatica','Facultad de Ingenieria Electrica, Electronica, Informatica y Mecanica','Ingenieria Informatica y de Sistemas','Nombrado')
insert into Docente values ('D0032','Waldo','Villa Rodriguez','Ingeniero Informatico y de Sistemas','Facultad de Ingenieria Electrica, Electronica, Informatica y Mecanica','Ingenieria Informatica y de Sistemas','Contratado')
insert into Docente values ('D0033','Willian','Zamalloa Paro','Ingeniero Informatico y de Sistemas','Facultad de Ingenieria Electrica, Electronica, Informatica y Mecanica','Ingenieria Informatica y de Sistemas','Contratado')
insert into Docente values ('D0034','Yeshica Isela','Ormeño Ayala','Master en Tecnologias Informaticas Avanzadas','Facultad de Ingenieria Electrica, Electronica, Informatica y Mecanica','Ingenieria Informatica y de Sistemas','Nombrado')
go

--ingresar datos Tutoria
insert into Tutoria values('TU0001','D0001','LUNES 06:00 PM - 08:00 PM')
insert into Tutoria values('TU0002','D0002', 'JUEVES 04:00 PM - 06:00 PM')
insert into Tutoria values('TU0003','D0003', 'MIERCOLES 01:00 PM - 03:00 PM')
insert into Tutoria values('TU0004','D0004', 'SABADO 09:00 AM - 11:00 AM')
insert into Tutoria values('TU0005','D0005', 'LUNES 03:00 PM - 05:00 PM')
insert into Tutoria values('TU0006','D0006', 'MARTES 04:00 PM - 06:00 PM')

go
--Ingresar Datos Registro tutoria
insert into Registro values('TU0001','151481')
insert into Registro values('TU0001','124529')
insert into Registro values('TU0001','124944')
insert into Registro values('TU0001','144260')
insert into Registro values('TU0001','145004')--
insert into Registro values('TU0001','151832')--
insert into Registro values('TU0002','154937')--
insert into Registro values('TU0002','174457')--
insert into Registro values('TU0002','182896')--
insert into Registro values('TU0002','183339')--
insert into Registro values('TU0003','184195')--
insert into Registro values('TU0003','193681')--
insert into Registro values('TU0003','194689')--
insert into Registro values('TU0003','194728')--
insert into Registro values('TU0003','194892')--
insert into Registro values('TU0003','200847')--
insert into Registro values('TU0003','201256')--
insert into Registro values('TU0003','201257')--
insert into Registro values('TU0004','204318')--
insert into Registro values('TU0004','204319')--
insert into Registro values('TU0004','204320')--
insert into Registro values('TU0004','204796')--
insert into Registro values('TU0004','204799')
go

--Ingresar Registro de ficha
insert into RegistroFicha values('RF0001','TU0001','151481','916000366','AV. REPUBLICA DE PANAMA Nº 4825','1@unsaac.edu.pe','JUAN AUCCAISE ','906411393','2021-03-01','ACADÉMICA','TgBPACAAUABSAEUAUwBFAE4AVABBACAAUABSAE8AQgBMAEUATQBBAFMAIABEAEUAIABFAFMAVABVAEQASQBPAA==')
insert into RegistroFicha values('RF0002','TU0001','124529','911574993','ALBERTO BRICEÑO Nº 217','2@unsaac.edu.pe','MARIO BELLIDO','922627389','2021-03-02','ACADÉMICA','UABSAEUAUwBFAE4AVABBACAAUABSAE8AQgBMAEUATQBBAFMAIABEAEUAIABFAFMAVABVAEQASQBPAA==')
insert into RegistroFicha values('RF0003','TU0001','124944','912944402','AV. GENERAL DIEZ CANSECONº 527 - AREQUIPA','3@unsaac.edu.pe','JUANA CASTELLANOS','986709284','2021-03-03','ACADÉMICA','TgBPACAAUABSAEUAUwBFAE4AVABBACAAUABSAE8AQgBMAEUATQBBAFMAIABEAEUAIABFAFMAVABVAEQASQBPAA==')
insert into RegistroFicha values('RF0004','TU0001','144260','969609532','AV. LA MARINA N° 340, MARGEN IZQUIERDA DEL RIO AMAZONAS','4@unsaac.edu.pe','CARLOS CONDORI','933636737','2021-03-04','ACADÉMICA','UABSAEUAUwBFAE4AVABBACAAUABSAE8AQgBMAEUATQBBAFMAIABEAEUAIABFAFMAVABVAEQASQBPAA==')
insert into RegistroFicha values('RF0005','TU0001','145004','946773342','SECHURA A 110 KM. AL SUR DE PIURA - AREA DE PLANTA CONCENTRADORA, OFICINAS Y COMPLEMENTARIOS DE LA MINA','5@unsaac.edu.pe','MARIO CCOPA','972581441','2021-03-05','ACADÉMICA','TgBPACAAUABSAEUAUwBFAE4AVABBACAAUABSAE8AQgBMAEUATQBBAFMAIABEAEUAIABFAFMAVABVAEQASQBPAA==')
insert into RegistroFicha values('RF0006','TU0001','151481','985423133','AV. VICTOR MALASQUEZ KM 5 LOTE 10 SECTOR 24 DE JUNIO','6@unsaac.edu.pe','YUREMA FARFAN','909937497','2021-03-06','ACADÉMICA','UABSAEUAUwBFAE4AVABBACAAUABSAE8AQgBMAEUATQBBAFMAIABEAEUAIABFAFMAVABVAEQASQBPAA==')
insert into RegistroFicha values('RF0007','TU0001','151832','982808273','AV. EL EJERCITO S/N CUADRA 11 - CUARTEL LOS CABITOS','7@unsaac.edu.pe','ALONDRA GARCIA','962827995','2021-03-07','ACADÉMICA','TgBPACAAUABSAEUAUwBFAE4AVABBACAAUABSAE8AQgBMAEUATQBBAFMAIABEAEUAIABFAFMAVABVAEQASQBPAA==')
insert into RegistroFicha values('RF0008','TU0002','154937','991210968','JIRON ILO 450 ESQ. CON JIRON CHOTA 998','8@unsaac.edu.pe','LUCIO DE LA CRUZ','931725496','2021-03-08','ACADÉMICA','UABSAEUAUwBFAE4AVABBACAAUABSAE8AQgBMAEUATQBBAFMAIABEAEUAIABFAFMAVABVAEQASQBPAA==')
insert into RegistroFicha values('RF0011','TU0002','174457','962199795','AV. FORTUNATO CHIRICHINGNO S/N EL CHIPE','10@unsaac.edu.pe','EUGENIO JALLO','915432325','2021-03-10','ACADÉMICA','UABSAEUAUwBFAE4AVABBACAAUABSAE8AQgBMAEUATQBBAFMAIABEAEUAIABFAFMAVABVAEQASQBPAA==')
insert into RegistroFicha values('RF0012','TU0002','182896','924969802','AV. EVITAMIENTO Nº 242 - PARQUE INDUSTRIAL','11@unsaac.edu.pe','FRED VELASQUEZ','977020676','2021-03-11','ACADÉMICA','TgBPACAAUABSAEUAUwBFAE4AVABBACAAUABSAE8AQgBMAEUATQBBAFMAIABEAEUAIABFAFMAVABVAEQASQBPAA==')
insert into RegistroFicha values('RF0013','TU0002','183339','917201475','CARRETERA CENTRAL KM. 8,500 DISTRITO STA. CLARA','12@unsaac.edu.pe','JOSE SONCCO','916217453','2021-03-12','ACADÉMICA','UABSAEUAUwBFAE4AVABBACAAUABSAE8AQgBMAEUATQBBAFMAIABEAEUAIABFAFMAVABVAEQASQBPAA==')
insert into RegistroFicha values('RF0014','TU0003','184195','955538187','AV. PRODUCCIÓN NACIONAL 188','13@unsaac.edu.pe','MIGUEL BARRIENTOS','956698835','2021-03-13','ACADÉMICA','TgBPACAAUABSAEUAUwBFAE4AVABBACAAUABSAE8AQgBMAEUATQBBAFMAIABEAEUAIABFAFMAVABVAEQASQBPAA==')
insert into RegistroFicha values('RF0015','TU0003','193681','912953693','JR. LOS HORNOS N° 353 - URB. INFANTAS','14@unsaac.edu.pe','FRANCO ESPIRILLA','991377512','2021-03-14','ACADÉMICA','UABSAEUAUwBFAE4AVABBACAAUABSAE8AQgBMAEUATQBBAFMAIABEAEUAIABFAFMAVABVAEQASQBPAA==')
insert into RegistroFicha values('RF0016','TU0003','194689','980466029','JR. ALONSO DE MOLINA N° 193. EX ZONA INDUSTRIAL','15@unsaac.edu.pe','MARIA CASTELLANOS','973768689','2021-03-15','ACADÉMICA','TgBPACAAUABSAEUAUwBFAE4AVABBACAAUABSAE8AQgBMAEUATQBBAFMAIABEAEUAIABFAFMAVABVAEQASQBPAA==')
insert into RegistroFicha values('RF0017','TU0003','194892','985888531','PANAMERICANA SUR S/N, KM 3 + 751 VIA FERREA MATARANI – AREQUIPA','16@unsaac.edu.pe','PABLO ASTETE','963267139','2021-03-16','ACADÉMICA','UABSAEUAUwBFAE4AVABBACAAUABSAE8AQgBMAEUATQBBAFMAIABEAEUAIABFAFMAVABVAEQASQBPAA==')
insert into RegistroFicha values('RF0018','TU0003','200847','927913633','KM. 14.8 DE LA CARRETERA CENTRAL, GLORIA ALTA (MINERA LA GLORIA)','17@unsaac.edu.pe','RUFINO AUCCAPURE','952379021','2021-03-17','ACADÉMICA','TgBPACAAUABSAEUAUwBFAE4AVABBACAAUABSAE8AQgBMAEUATQBBAFMAIABEAEUAIABFAFMAVABVAEQASQBPAA==')
insert into RegistroFicha values('RF0019','TU0003','201256','992132959','SECTOR POBLADO YAURILLA S/N','18@unsaac.edu.pe','VICTOR BERRIOS','967238612','2021-03-18','ACADÉMICA','UABSAEUAUwBFAE4AVABBACAAUABSAE8AQgBMAEUATQBBAFMAIABEAEUAIABFAFMAVABVAEQASQBPAA==')
insert into RegistroFicha values('RF0020','TU0003','201257','929822932','CALLE DELTA 185 URB.PARQUE INTERNA.DE LA INDUSTR.Y COMERC.','19@unsaac.edu.pe','MARIA BERRIOS','901560473','2021-03-19','ACADÉMICA','TgBPACAAUABSAEUAUwBFAE4AVABBACAAUABSAE8AQgBMAEUATQBBAFMAIABEAEUAIABFAFMAVABVAEQASQBPAA==')
insert into RegistroFicha values('RF0021','TU0004','204318','951315821','AV. LOS LIBERTADORES KM. 1.50','20@unsaac.edu.pe','ERICK BUSTAMANTE','985937997','2021-03-20','ACADÉMICA','UABSAEUAUwBFAE4AVABBACAAUABSAE8AQgBMAEUATQBBAFMAIABEAEUAIABFAFMAVABVAEQASQBPAA==')
insert into RegistroFicha values('RF0022','TU0004','204319','954105618','AV. UNIV. S/N, GRP. 1, AA.HH. EDILBERTO RAMOS','21@unsaac.edu.pe','INDIRA HUILLCA','990847112','2021-03-21','ACADÉMICA','TgBPACAAUABSAEUAUwBFAE4AVABBACAAUABSAE8AQgBMAEUATQBBAFMAIABEAEUAIABFAFMAVABVAEQASQBPAA==')
insert into RegistroFicha values('RF0023','TU0004','204320','962314146','CALLE RAMON CASTILLA, URB. LURIN LOTE 6, FUNDO SALINAS','22@unsaac.edu.pe','DENIS HUAMAN','957819746','2021-03-22','ACADÉMICA','UABSAEUAUwBFAE4AVABBACAAUABSAE8AQgBMAEUATQBBAFMAIABEAEUAIABFAFMAVABVAEQASQBPAA==')
insert into RegistroFicha values('RF0024','TU0004','204796','954400921','CALLE INCA ROCA Y MANCO III MZ.C15 LT.2 AA.HH.LEONCIO PRADO','23@unsaac.edu.pe','JAVIER HUAMANI','990584577','2021-03-23','ACADÉMICA','TgBPACAAUABSAEUAUwBFAE4AVABBACAAUABSAE8AQgBMAEUATQBBAFMAIABEAEUAIABFAFMAVABVAEQASQBPAA==')
insert into RegistroFicha values('RF0025','TU0004','204799','907131525','AV. NICOLAS ARRIOLA N° 3192','24@unsaac.edu.pe','ENZO LUNA','927690099','2021-03-24','ACADÉMICA','UABSAEUAUwBFAE4AVABBACAAUABSAE8AQgBMAEUATQBBAFMAIABEAEUAIABFAFMAVABVAEQASQBPAA==')
go
insert into Logins values ('Abdon','abdon','Nombrado','D0001')
insert into Logins values ('Edwin','edwin','Nombrado','D0005')
insert into Logins values ('Ana','ana','Contratado','D0002')
insert into Logins values ('Hernan','hernan','Nombrado','D0013')
insert into Logins values ('Javier','javier','Nombrado','D0016')
insert into Logins values ('Jose','jose','Nombrado','D0018')
insert into Logins values ('Julio','julio','Nombrado','D0019')
insert into Logins values ('Zonia','zonia','Administrador','D0027')
--
go


